INSERT INTO "ODS_MODEL_TYPE_CONFIG"("ID", "TYPE_NAME") VALUES ('1', '列表类模型');
INSERT INTO "ODS_MODEL_TYPE_CONFIG"("ID", "TYPE_NAME") VALUES ('2', '排行类模型');
INSERT INTO "ODS_MODEL_TYPE_CONFIG"("ID", "TYPE_NAME") VALUES ('3', '趋势比较模型');
INSERT INTO "ODS_MODEL_TYPE_CONFIG"("ID", "TYPE_NAME") VALUES ('4', 'KV模型');
INSERT INTO "ODS_MODEL_TYPE_CONFIG"("ID", "TYPE_NAME") VALUES ('5', '历史数据模型');

INSERT INTO "ODS_MODEL_CONFIG"("ID", "MODEL_NAME", "TYPE_ID") VALUES ('ENERGY_ELECTRIC', '用电统计分析', '5');
INSERT INTO "ODS_MODEL_CONFIG"("ID", "MODEL_NAME", "TYPE_ID") VALUES ('ENERGY_WATER', '用水统计分析', '5');
INSERT INTO "ODS_MODEL_CONFIG"("ID", "MODEL_NAME", "TYPE_ID") VALUES ('ENERGY_COST', '能耗费用统计分析', '5');
INSERT INTO "ODS_MODEL_CONFIG"("ID", "MODEL_NAME", "TYPE_ID") VALUES ('ELECTRIC_CONSUMPTION', '用电量', '1');
INSERT INTO "ODS_MODEL_CONFIG"("ID", "MODEL_NAME", "TYPE_ID") VALUES ('BASE_DATA', '基础数据', '4');
INSERT INTO "ODS_MODEL_CONFIG"("ID", "MODEL_NAME", "TYPE_ID") VALUES ('ENERGY_CONSUMPTION', '累计能耗', '4');
INSERT INTO "ODS_MODEL_CONFIG"("ID", "MODEL_NAME", "TYPE_ID") VALUES ('WATER_CONSUMPTION', '用水量', '1');


INSERT INTO "ODS_LIST_MODEL_VIEW"("MODEL_ID", "VIEW_NAME", "REMARK", "TYPE") VALUES ('ELECTRIC_CONSUMPTION', 'V_ODS_ELECTRIC_CONSUMPTION', '用电量', '业务表');
INSERT INTO "ODS_LIST_MODEL_VIEW"("MODEL_ID", "VIEW_NAME", "REMARK", "TYPE") VALUES ('WATER_CONSUMPTION', 'V_ODS_WATER_CONSUMPTION', '用水量', '业务表');
INSERT INTO "ODS_LIST_MODEL_VIEW"("MODEL_ID", "VIEW_NAME", "REMARK", "TYPE") VALUES ('ENERGY_ELECTRIC', 'V_ODS_ENERGY_ELECTRIC', '历史用电量', '业务表');
INSERT INTO "ODS_LIST_MODEL_VIEW"("MODEL_ID", "VIEW_NAME", "REMARK", "TYPE") VALUES ('ENERGY_COST', 'V_ODS_ENERGY_COST', '历史能源费用', '业务表');
INSERT INTO "ODS_LIST_MODEL_VIEW"("MODEL_ID", "VIEW_NAME", "REMARK", "TYPE") VALUES ('ENERGY_WATER', 'V_ODS_ENERGY_WATER', '历史用水量', '业务表');


INSERT INTO "ODS_LIST_MODEL_DATA_MAP"("ID", "MODEL_ID", "COLUMN_ORI", "COLUMN_EN", "COLUMN_CN", "DATA_TYPE", "SHOW_TYPE") VALUES ('1', 'ENERGY_WATER', 'TOTAL', 'TOTAL', '用水总量', '1', '0');
INSERT INTO "ODS_LIST_MODEL_DATA_MAP"("ID", "MODEL_ID", "COLUMN_ORI", "COLUMN_EN", "COLUMN_CN", "DATA_TYPE", "SHOW_TYPE") VALUES ('10', 'ELECTRIC_CONSUMPTION', 'TIME', 'TIME', '时间', '0', '1');
INSERT INTO "ODS_LIST_MODEL_DATA_MAP"("ID", "MODEL_ID", "COLUMN_ORI", "COLUMN_EN", "COLUMN_CN", "DATA_TYPE", "SHOW_TYPE") VALUES ('11', 'ELECTRIC_CONSUMPTION', 'VALUE', 'VALUE', '用电量', '1', '0');
INSERT INTO "ODS_LIST_MODEL_DATA_MAP"("ID", "MODEL_ID", "COLUMN_ORI", "COLUMN_EN", "COLUMN_CN", "DATA_TYPE", "SHOW_TYPE") VALUES ('12', 'ELECTRIC_CONSUMPTION', 'NAME', 'NAME', '位置', '1', '0');
INSERT INTO "ODS_LIST_MODEL_DATA_MAP"("ID", "MODEL_ID", "COLUMN_ORI", "COLUMN_EN", "COLUMN_CN", "DATA_TYPE", "SHOW_TYPE") VALUES ('13', 'ELECTRIC_CONSUMPTION', 'UNIT', 'UNIT', '单位', '1', '0');
INSERT INTO "ODS_LIST_MODEL_DATA_MAP"("ID", "MODEL_ID", "COLUMN_ORI", "COLUMN_EN", "COLUMN_CN", "DATA_TYPE", "SHOW_TYPE") VALUES ('14', 'WATER_CONSUMPTION', 'TIME', 'TIME', '时间', '0', '1');
INSERT INTO "ODS_LIST_MODEL_DATA_MAP"("ID", "MODEL_ID", "COLUMN_ORI", "COLUMN_EN", "COLUMN_CN", "DATA_TYPE", "SHOW_TYPE") VALUES ('15', 'WATER_CONSUMPTION', 'NAME', 'NAME', '位置', '1', '0');
INSERT INTO "ODS_LIST_MODEL_DATA_MAP"("ID", "MODEL_ID", "COLUMN_ORI", "COLUMN_EN", "COLUMN_CN", "DATA_TYPE", "SHOW_TYPE") VALUES ('16', 'WATER_CONSUMPTION', 'VALUE', 'VALUE', '用水量', '1', '0');
INSERT INTO "ODS_LIST_MODEL_DATA_MAP"("ID", "MODEL_ID", "COLUMN_ORI", "COLUMN_EN", "COLUMN_CN", "DATA_TYPE", "SHOW_TYPE") VALUES ('17', 'WATER_CONSUMPTION', 'UNIT', 'UNIT', '单位', '1', '0');
INSERT INTO "ODS_LIST_MODEL_DATA_MAP"("ID", "MODEL_ID", "COLUMN_ORI", "COLUMN_EN", "COLUMN_CN", "DATA_TYPE", "SHOW_TYPE") VALUES ('2', 'ENERGY_WATER', 'HUNMAN_NUM', 'HUNMAN_NUM', '人均用水', '1', '0');
INSERT INTO "ODS_LIST_MODEL_DATA_MAP"("ID", "MODEL_ID", "COLUMN_ORI", "COLUMN_EN", "COLUMN_CN", "DATA_TYPE", "SHOW_TYPE") VALUES ('3', 'ENERGY_WATER', 'AREAS', 'AREAS', '面积均用水', '1', '0');
INSERT INTO "ODS_LIST_MODEL_DATA_MAP"("ID", "MODEL_ID", "COLUMN_ORI", "COLUMN_EN", "COLUMN_CN", "DATA_TYPE", "SHOW_TYPE") VALUES ('4', 'ENERGY_ELECTRIC', 'TOTAL', 'TOTAL', '用电总量', '1', '0');
INSERT INTO "ODS_LIST_MODEL_DATA_MAP"("ID", "MODEL_ID", "COLUMN_ORI", "COLUMN_EN", "COLUMN_CN", "DATA_TYPE", "SHOW_TYPE") VALUES ('5', 'ENERGY_ELECTRIC', 'HUNMAN_NUM', 'HUNMAN_NUM', '人均用电', '1', '0');
INSERT INTO "ODS_LIST_MODEL_DATA_MAP"("ID", "MODEL_ID", "COLUMN_ORI", "COLUMN_EN", "COLUMN_CN", "DATA_TYPE", "SHOW_TYPE") VALUES ('6', 'ENERGY_ELECTRIC', 'AREAS', 'AREAS', '面积均用电', '1', '0');
INSERT INTO "ODS_LIST_MODEL_DATA_MAP"("ID", "MODEL_ID", "COLUMN_ORI", "COLUMN_EN", "COLUMN_CN", "DATA_TYPE", "SHOW_TYPE") VALUES ('7', 'ENERGY_COST', 'WATER_AMOUNT', 'WATER_AMOUNT', '用水费用', '1', '0');
INSERT INTO "ODS_LIST_MODEL_DATA_MAP"("ID", "MODEL_ID", "COLUMN_ORI", "COLUMN_EN", "COLUMN_CN", "DATA_TYPE", "SHOW_TYPE") VALUES ('8', 'ENERGY_COST', 'ELECTRIC_AMOUNT', 'ELECTRIC_AMOUNT', '用电费用', '1', '0');
INSERT INTO "ODS_LIST_MODEL_DATA_MAP"("ID", "MODEL_ID", "COLUMN_ORI", "COLUMN_EN", "COLUMN_CN", "DATA_TYPE", "SHOW_TYPE") VALUES ('9', 'ENERGY_COST', 'TOTAL', 'TOTAL', '费用总计', '1', '0');



INSERT INTO "ODS_KV_MODEL_DATA"("ID", "MODEL_ID", "NAME", "KEY", "VALUE", "REMARK") VALUES ('1', 'BASE_DATA', '总人数', 'total_pople', '0', '人');
INSERT INTO "ODS_KV_MODEL_DATA"("ID", "MODEL_ID", "NAME", "KEY", "VALUE", "REMARK") VALUES ('2', 'BASE_DATA', '总面积', 'total_area', '0', '㎡');
INSERT INTO "ODS_KV_MODEL_DATA"("ID", "MODEL_ID", "NAME", "KEY", "VALUE", "REMARK") VALUES ('3', 'ENERGY_CONSUMPTION', '累计水能耗', 'total_water', '0', 'T');
INSERT INTO "ODS_KV_MODEL_DATA"("ID", "MODEL_ID", "NAME", "KEY", "VALUE", "REMARK") VALUES ('4', 'ENERGY_CONSUMPTION', '累计电能耗', 'total_electric', '0', 'KW·h');
