INSERT INTO "ODS_MODEL_TYPE_CONFIG"("ID", "TYPE_NAME") VALUES ('1', '列表类模型');
INSERT INTO "ODS_MODEL_TYPE_CONFIG"("ID", "TYPE_NAME") VALUES ('2', '排行类模型');
INSERT INTO "ODS_MODEL_TYPE_CONFIG"("ID", "TYPE_NAME") VALUES ('3', '趋势比较模型');
INSERT INTO "ODS_MODEL_TYPE_CONFIG"("ID", "TYPE_NAME") VALUES ('4', 'KV模型');




INSERT INTO "ODS_MODEL_CONFIG"("ID", "MODEL_NAME", "TYPE_ID") VALUES ('HKSALARM_ALARM_LIST', '设备报警数据列表', '1');
INSERT INTO "ODS_MODEL_CONFIG"("ID", "MODEL_NAME", "TYPE_ID") VALUES ('DEVICE_REPAIR_LIST', '设备维修列表', '1');
INSERT INTO "ODS_MODEL_CONFIG"("ID", "MODEL_NAME", "TYPE_ID") VALUES ('HKSRTIPT_PATROL_LIST', '巡检列表', '1');
INSERT INTO "ODS_MODEL_CONFIG"("ID", "MODEL_NAME", "TYPE_ID") VALUES ('HKSRTIPT_EVENT_LIST', '事件列表', '1');
INSERT INTO "ODS_MODEL_CONFIG"("ID", "MODEL_NAME", "TYPE_ID") VALUES ('TOTAL_DEVICE', '设备总数', '4');
INSERT INTO "ODS_MODEL_CONFIG"("ID", "MODEL_NAME", "TYPE_ID") VALUES ('ONLINE_OFFLINE', '设备在线/离线', '4');
INSERT INTO "ODS_MODEL_CONFIG"("ID", "MODEL_NAME", "TYPE_ID") VALUES ('REPORT_STATUS', '设备上报状态', '4');
INSERT INTO "ODS_MODEL_CONFIG"("ID", "MODEL_NAME", "TYPE_ID") VALUES ('PATROL_COUNT', '当月巡检统计', '4');
INSERT INTO "ODS_MODEL_CONFIG"("ID", "MODEL_NAME", "TYPE_ID") VALUES ('TODAY_ALARM', '今日报警', '4');
INSERT INTO "ODS_MODEL_CONFIG"("ID", "MODEL_NAME", "TYPE_ID") VALUES ('TODAY_ALARM_HANDLE', '今日报警处理', '4');





INSERT INTO "ODS_LIST_MODEL_VIEW"("MODEL_ID", "VIEW_NAME", "REMARK", "TYPE") VALUES ('DEVICE_REPORT_LIST', 'V_ODS_DEVICE_REPORT', '设备上报表', '系统表');
INSERT INTO "ODS_LIST_MODEL_VIEW"("MODEL_ID", "VIEW_NAME", "REMARK", "TYPE") VALUES ('PRO_MODE_LIST', 'V_ODS_PRO_MODE', '模式表', '系统表');
INSERT INTO "ODS_LIST_MODEL_VIEW"("MODEL_ID", "VIEW_NAME", "REMARK", "TYPE") VALUES ('DEVICE_REPAIR_LIST', 'V_ODS_DEVICE_REPAIR', '设备维修表，需关联具体业务表，名称不可改变', '系统表');
INSERT INTO "ODS_LIST_MODEL_VIEW"("MODEL_ID", "VIEW_NAME", "REMARK", "TYPE") VALUES ('DEVICE_CENTER_INFO_LIST', 'V_ODS_DEVICE_CENTER_INFO', '设备表', '系统表');
INSERT INTO "ODS_LIST_MODEL_VIEW"("MODEL_ID", "VIEW_NAME", "REMARK", "TYPE") VALUES ('USER_CENTER_INFO_LIST', 'V_ODS_USER_CENTER_INFO', '用户表', '系统表');
INSERT INTO "ODS_LIST_MODEL_VIEW"("MODEL_ID", "VIEW_NAME", "REMARK", "TYPE") VALUES ('HKSRTIPT_PATROL_LIST', 'HKSRTIPT_PATROL_LIST', '海克斯巡检表', '业务表');
INSERT INTO "ODS_LIST_MODEL_VIEW"("MODEL_ID", "VIEW_NAME", "REMARK", "TYPE") VALUES ('HKSRTIPT_EVENT_LIST', 'V_ODS_HKSRTIPT_EVENT', '海克斯事件表', '业务表');
INSERT INTO "ODS_LIST_MODEL_VIEW"("MODEL_ID", "VIEW_NAME", "REMARK", "TYPE") VALUES ('HKSALARM_ALARM_LIST', 'V_ODS_HKSALARM_ALARM_HISTORY', '海克斯报警表', '业务表');


INSERT INTO "ODS_LIST_MODEL_DATA_OPERATION"("ID", "MODEL_ID", "NAME", "URL", "METHOD", "PARAM") VALUES ('54e0cff5-e0b9-4709-8f2f-99d312c4e2e1', 'HKSALARM_ALARM_LIST', '处理', '/apiAlarmHistory/handle', 'PUT', '[{"name":"id","nameCh":"列表id","source":"id","type":"list"},{"name":"state","nameCh":"状态","source":"","type":"input"},{"name":"description","nameCh":"情况说明","source":"","type":"input"}]');
INSERT INTO "ODS_LIST_MODEL_DATA_OPERATION"("ID", "MODEL_ID", "NAME", "URL", "METHOD", "PARAM") VALUES ('2846d696-b784-4d26-af8d-139e481446f0', 'HKSRTIPT_EVENT_LIST', '处理', 'http://192.168.60.251:9803/capsule/operation-test', 'GET', '[{"name":"id","nameCh":"序列号","source":"eventName","type":"list"},{"name":"content","nameCh":"内容","source":"processingUser","type":"input"}]');
INSERT INTO "ODS_LIST_MODEL_DATA_OPERATION"("ID", "MODEL_ID", "NAME", "URL", "METHOD", "PARAM") VALUES ('fff0f60e-c2ec-49ad-9559-d2dae45990f1', 'HKSALARM_ALARM_LIST', '详情', 'http://192.168.60.251:9803/capsule/operation-test', 'POST', '[{"name":"userId","nameCh":"用户id","source":"id","type":"list"},{"name":"userName","nameCh":"用户名","source":"","type":"input"}]');
INSERT INTO "ODS_LIST_MODEL_DATA_OPERATION"("ID", "MODEL_ID", "NAME", "URL", "METHOD", "PARAM") VALUES ('4913386a-7bb3-4f8a-a21c-4c429e07b7f6', 'HKSRTIPT_EVENT_LIST', '详情', 'http://192.168.60.251:9803/capsule/operation-test', 'POST', '[{"name":"userId","nameCh":"用户id","source":"eventName","type":"list"},{"name":"userName","nameCh":"用户名","source":"processingUser","type":"input"}]');





INSERT INTO "ODS_LIST_MODEL_DATA_MAP"("ID", "MODEL_ID", "COLUMN_ORI", "COLUMN_EN", "COLUMN_CN", "DATA_TYPE", "SHOW_TYPE") VALUES ('d90d641d-4307-4226-a193-a081b84113f2', 'DEVICE_REPAIR_LIST', 'DESCRIBE', 'describe', '维修描述', '1', '1');
INSERT INTO "ODS_LIST_MODEL_DATA_MAP"("ID", "MODEL_ID", "COLUMN_ORI", "COLUMN_EN", "COLUMN_CN", "DATA_TYPE", "SHOW_TYPE") VALUES ('94429cf1-9462-4be5-bd7c-81ccf4deef44', 'DEVICE_REPAIR_LIST', 'TIME', 'time', '维修时间', '0', '0');
INSERT INTO "ODS_LIST_MODEL_DATA_MAP"("ID", "MODEL_ID", "COLUMN_ORI", "COLUMN_EN", "COLUMN_CN", "DATA_TYPE", "SHOW_TYPE") VALUES ('3b960d2a-04fc-4524-8d8a-d0c9906cd8d6', 'DEVICE_REPAIR_LIST', 'STATE', 'state', '维修状态', '1', '0');
INSERT INTO "ODS_LIST_MODEL_DATA_MAP"("ID", "MODEL_ID", "COLUMN_ORI", "COLUMN_EN", "COLUMN_CN", "DATA_TYPE", "SHOW_TYPE") VALUES ('25d93e6e-7645-4e20-a9f4-7fea68163c23', 'DEVICE_REPAIR_LIST', 'USER_PHONE', 'userPhone', '人员电话', '1', '1');
INSERT INTO "ODS_LIST_MODEL_DATA_MAP"("ID", "MODEL_ID", "COLUMN_ORI", "COLUMN_EN", "COLUMN_CN", "DATA_TYPE", "SHOW_TYPE") VALUES ('95882224-06ee-4119-8b7d-f69a9bf4cd8a', 'DEVICE_REPAIR_LIST', 'USER_NAME', 'userName', '维修人员', '1', '0');
INSERT INTO "ODS_LIST_MODEL_DATA_MAP"("ID", "MODEL_ID", "COLUMN_ORI", "COLUMN_EN", "COLUMN_CN", "DATA_TYPE", "SHOW_TYPE") VALUES ('0822d880-6cd1-4e1f-9548-2d7f99b20e59', 'DEVICE_REPAIR_LIST', 'DEVICE_NAME', 'deviceName', '设备名称', '1', '0');
INSERT INTO "ODS_LIST_MODEL_DATA_MAP"("ID", "MODEL_ID", "COLUMN_ORI", "COLUMN_EN", "COLUMN_CN", "DATA_TYPE", "SHOW_TYPE") VALUES ('67d9900377d34c759692cfe506d35875', 'HKSALARM_ALARM_LIST', 'RISK_LEVEL', 'riskLevel', '风险等级', '1', '0');
INSERT INTO "ODS_LIST_MODEL_DATA_MAP"("ID", "MODEL_ID", "COLUMN_ORI", "COLUMN_EN", "COLUMN_CN", "DATA_TYPE", "SHOW_TYPE") VALUES ('658d4cf608191234e80bd7d08f2e1da3d', 'HKSALARM_ALARM_LIST', 'STATE', 'state', '状态', '1', '0');
INSERT INTO "ODS_LIST_MODEL_DATA_MAP"("ID", "MODEL_ID", "COLUMN_ORI", "COLUMN_EN", "COLUMN_CN", "DATA_TYPE", "SHOW_TYPE") VALUES ('6658d4cf60819478e80bd7d08f2e1da3d36', 'HKSALARM_ALARM_LIST', 'DEVICE_NAME', 'deviceName', '设备名称', '1', '0');
INSERT INTO "ODS_LIST_MODEL_DATA_MAP"("ID", "MODEL_ID", "COLUMN_ORI", "COLUMN_EN", "COLUMN_CN", "DATA_TYPE", "SHOW_TYPE") VALUES ('658d4cf60819478e80bd7d08f2e1da3d', 'HKSALARM_ALARM_LIST', 'ALARM_TIME', 'alarmTime', '报警时间', '0', '0');
INSERT INTO "ODS_LIST_MODEL_DATA_MAP"("ID", "MODEL_ID", "COLUMN_ORI", "COLUMN_EN", "COLUMN_CN", "DATA_TYPE", "SHOW_TYPE") VALUES ('8908174eaab04524a1d38b8e0cc1e074', 'HKSALARM_ALARM_LIST', 'ESCALATION_TYPE', 'escalationType', '设备上报类型', '1', '0');
INSERT INTO "ODS_LIST_MODEL_DATA_MAP"("ID", "MODEL_ID", "COLUMN_ORI", "COLUMN_EN", "COLUMN_CN", "DATA_TYPE", "SHOW_TYPE") VALUES ('52611d48efcf4d78be899e99e7f7d319', 'HKSALARM_ALARM_LIST', 'DEVICE_TYPE', 'deviceType', '设备类型', '1', '0');
INSERT INTO "ODS_LIST_MODEL_DATA_MAP"("ID", "MODEL_ID", "COLUMN_ORI", "COLUMN_EN", "COLUMN_CN", "DATA_TYPE", "SHOW_TYPE") VALUES ('20f0f9a11210498abd522b948be8902c', 'HKSALARM_ALARM_LIST', 'PLACE', 'place', '位置', '1', '0');
INSERT INTO "ODS_LIST_MODEL_DATA_MAP"("ID", "MODEL_ID", "COLUMN_ORI", "COLUMN_EN", "COLUMN_CN", "DATA_TYPE", "SHOW_TYPE") VALUES ('a1402855-3a28-4215-a64a-6d2167d9636c', 'HKSRTIPT_EVENT_LIST', 'EVENT_NAME', 'eventName', '事件名称', '1', '0');
INSERT INTO "ODS_LIST_MODEL_DATA_MAP"("ID", "MODEL_ID", "COLUMN_ORI", "COLUMN_EN", "COLUMN_CN", "DATA_TYPE", "SHOW_TYPE") VALUES ('4d13fe93-a917-4bda-a66b-e9f3afc14396', 'HKSRTIPT_EVENT_LIST', 'EVENT_CONTENT', 'eventContent', '事件内容', '1', '0');
INSERT INTO "ODS_LIST_MODEL_DATA_MAP"("ID", "MODEL_ID", "COLUMN_ORI", "COLUMN_EN", "COLUMN_CN", "DATA_TYPE", "SHOW_TYPE") VALUES ('66f618eb-a2b8-4911-a239-c4a127bbd094', 'HKSRTIPT_EVENT_LIST', 'EVENT_TYPE', 'eventType', '事件类型', '1', '0');
INSERT INTO "ODS_LIST_MODEL_DATA_MAP"("ID", "MODEL_ID", "COLUMN_ORI", "COLUMN_EN", "COLUMN_CN", "DATA_TYPE", "SHOW_TYPE") VALUES ('4f58aaed-1cad-4306-b8a8-3334ea777a82', 'HKSRTIPT_EVENT_LIST', 'EVENT_SOURCE', 'eventSource', '事件来源', '1', '0');
INSERT INTO "ODS_LIST_MODEL_DATA_MAP"("ID", "MODEL_ID", "COLUMN_ORI", "COLUMN_EN", "COLUMN_CN", "DATA_TYPE", "SHOW_TYPE") VALUES ('b114ce3b-2b6b-4179-b3bb-0b0ea6904df7', 'HKSRTIPT_EVENT_LIST', 'CREATE_DATE', 'createDate', '创建时间', '0', '0');
INSERT INTO "ODS_LIST_MODEL_DATA_MAP"("ID", "MODEL_ID", "COLUMN_ORI", "COLUMN_EN", "COLUMN_CN", "DATA_TYPE", "SHOW_TYPE") VALUES ('a2bc4fe3-0783-4f3f-9572-350c153f4b5f', 'HKSRTIPT_EVENT_LIST', 'EVENT_STATE', 'eventState', '事件状态', '1', '0');
INSERT INTO "ODS_LIST_MODEL_DATA_MAP"("ID", "MODEL_ID", "COLUMN_ORI", "COLUMN_EN", "COLUMN_CN", "DATA_TYPE", "SHOW_TYPE") VALUES ('2779d3de-cf2b-411e-acba-964d17fce211', 'HKSRTIPT_EVENT_LIST', 'REPORT_USER', 'reportUser', '上报人', '1', '0');
INSERT INTO "ODS_LIST_MODEL_DATA_MAP"("ID", "MODEL_ID", "COLUMN_ORI", "COLUMN_EN", "COLUMN_CN", "DATA_TYPE", "SHOW_TYPE") VALUES ('2b2173f9-ab02-4e02-b52f-32c6f3458dce', 'HKSRTIPT_EVENT_LIST', 'PROCESSING_USER', 'processing_User', '处理人', '1', '0');
INSERT INTO "ODS_LIST_MODEL_DATA_MAP"("ID", "MODEL_ID", "COLUMN_ORI", "COLUMN_EN", "COLUMN_CN", "DATA_TYPE", "SHOW_TYPE") VALUES ('67d9900377d34229692cfe506d35875', 'HKSRTIPT_PATROL_LIST', 'COMPLETE_TIME', 'completeTime', '完成时间', '0', '0');
INSERT INTO "ODS_LIST_MODEL_DATA_MAP"("ID", "MODEL_ID", "COLUMN_ORI", "COLUMN_EN", "COLUMN_CN", "DATA_TYPE", "SHOW_TYPE") VALUES ('567f0f9a11210498abd522b948be8902c', 'HKSRTIPT_PATROL_LIST', 'PL_NAME', 'plName', '地点', '1', '0');
INSERT INTO "ODS_LIST_MODEL_DATA_MAP"("ID", "MODEL_ID", "COLUMN_ORI", "COLUMN_EN", "COLUMN_CN", "DATA_TYPE", "SHOW_TYPE") VALUES ('52611d48efcf4d43322hhbe899e99e7f7d3', 'HKSRTIPT_PATROL_LIST', 'PL_DESC', 'plDesc', '详细地址', '1', '0');
INSERT INTO "ODS_LIST_MODEL_DATA_MAP"("ID", "MODEL_ID", "COLUMN_ORI", "COLUMN_EN", "COLUMN_CN", "DATA_TYPE", "SHOW_TYPE") VALUES ('8908174eaab0eeess1d38b8e0cc1e074', 'HKSRTIPT_PATROL_LIST', 'USER_NAME', 'userName', '人员', '1', '0');
INSERT INTO "ODS_LIST_MODEL_DATA_MAP"("ID", "MODEL_ID", "COLUMN_ORI", "COLUMN_EN", "COLUMN_CN", "DATA_TYPE", "SHOW_TYPE") VALUES ('6658cf60sss9478e80bd7d08f2e1da3d36', 'HKSRTIPT_PATROL_LIST', 'USER_PHONE', 'userPhone', '联系电话', '1', '0');
INSERT INTO "ODS_LIST_MODEL_DATA_MAP"("ID", "MODEL_ID", "COLUMN_ORI", "COLUMN_EN", "COLUMN_CN", "DATA_TYPE", "SHOW_TYPE") VALUES ('6658d4cf608194eew80bd7d08f2e1da3d36', 'HKSRTIPT_PATROL_LIST', 'TASK_STATE', 'taskState', '状态', '1', '0');


INSERT INTO "ODS_KV_MODEL_DATA"("ID", "MODEL_ID", "NAME", "KEY", "VALUE", "REMARK") VALUES ('d5b69c2d-d702-44ef-820e-f8b53bef0fc3', 'TOTAL_DEVICE', '总设备', 'totalDevice', '0', NULL);
INSERT INTO "ODS_KV_MODEL_DATA"("ID", "MODEL_ID", "NAME", "KEY", "VALUE", "REMARK") VALUES ('657811df-a9b3-47bd-9d26-578973884350', 'TODAY_ALARM_HANDLE', '已处理', 'processed', '0', NULL);
INSERT INTO "ODS_KV_MODEL_DATA"("ID", "MODEL_ID", "NAME", "KEY", "VALUE", "REMARK") VALUES ('d152d3f8-4f3d-4427-970c-194b887f3052', 'TODAY_ALARM_HANDLE', '待处理', 'not_processed', '0', NULL);
INSERT INTO "ODS_KV_MODEL_DATA"("ID", "MODEL_ID", "NAME", "KEY", "VALUE", "REMARK") VALUES ('50ee1375-18c4-4d5c-96b3-f7cabed9f19d', 'TODAY_ALARM', '一级报警', 'level_1', '0', NULL);
INSERT INTO "ODS_KV_MODEL_DATA"("ID", "MODEL_ID", "NAME", "KEY", "VALUE", "REMARK") VALUES ('1fb8be59-c796-4abc-8812-d02ae6d213c7', 'TODAY_ALARM', '三级报警', 'level_3', '0', NULL);
INSERT INTO "ODS_KV_MODEL_DATA"("ID", "MODEL_ID", "NAME", "KEY", "VALUE", "REMARK") VALUES ('01b3d847-ab88-4736-a821-b1f6cc1bf54a', 'TODAY_ALARM', '二级报警', 'level_2', '0', NULL);
INSERT INTO "ODS_KV_MODEL_DATA"("ID", "MODEL_ID", "NAME", "KEY", "VALUE", "REMARK") VALUES ('fcb1f10a-d6c7-4964-9a5c-50155d76ab4f', 'REPORT_STATUS', '正常', 'normal', '0', NULL);
INSERT INTO "ODS_KV_MODEL_DATA"("ID", "MODEL_ID", "NAME", "KEY", "VALUE", "REMARK") VALUES ('0ead4ba6-66a0-4883-acd0-0cbb7d48a766', 'REPORT_STATUS', '故障', 'fault', '0', NULL);
INSERT INTO "ODS_KV_MODEL_DATA"("ID", "MODEL_ID", "NAME", "KEY", "VALUE", "REMARK") VALUES ('bbadb3c6-e8a6-4754-89bb-7ee7d03d0664', 'REPORT_STATUS', '报警', 'alarm', '0', NULL);
INSERT INTO "ODS_KV_MODEL_DATA"("ID", "MODEL_ID", "NAME", "KEY", "VALUE", "REMARK") VALUES ('42a9866e-9afa-4665-911a-c29b9150b88e', 'PATROL_COUNT', '未完成', 'not_finish', '0', NULL);
INSERT INTO "ODS_KV_MODEL_DATA"("ID", "MODEL_ID", "NAME", "KEY", "VALUE", "REMARK") VALUES ('6bbb9f1e-229e-4122-86f8-7f887c14c0e7', 'PATROL_COUNT', '按时完成', 'finish', '0', NULL);
INSERT INTO "ODS_KV_MODEL_DATA"("ID", "MODEL_ID", "NAME", "KEY", "VALUE", "REMARK") VALUES ('83f63a4e-abbc-40d1-8cd9-c00510b46bde', 'PATROL_COUNT', '超时完成', 'timeout_finish', '0', NULL);
INSERT INTO "ODS_KV_MODEL_DATA"("ID", "MODEL_ID", "NAME", "KEY", "VALUE", "REMARK") VALUES ('66d1e431-7d03-4600-be80-ffb588945fba', 'ONLINE_OFFLINE', '离线', 'offline', '0', NULL);
INSERT INTO "ODS_KV_MODEL_DATA"("ID", "MODEL_ID", "NAME", "KEY", "VALUE", "REMARK") VALUES ('ff0506a3-46f0-4b1d-b009-d08d2b668925', 'ONLINE_OFFLINE', '在线', 'online', '0', NULL);
